ID,HOSP_ID,primary_diagnosis,diagnosis_date,diagnosis_code,coding_system,hosp_id_new,id_new
54415aa0c6ad2a591390c4555346c973,27e0cb978ade45667cb4d474ccf53e9d11,1,2020-11-04,I2690,ICD10CM,27e0cb978ade45667cb4,54415aa0c6ad2a591390
190ab5e3b38e595937aa1c3a30e27584,6958149d56b01dba658f67105460458111,1,2020-12-22,I2690,ICD10CM,6958149d56b01dba658f,190ab5e3b38e595937aa
bed1db8b5a6c25d5f5b31de910a06440,114e3caa0b2fb0deb11e9b7dd423adfd11,0,2020-06-03,I2690,ICD10CM,114e3caa0b2fb0deb11e,bed1db8b5a6c25d5f5b3
0c3b8becbb231fa92ffe801a30e51324,2dec3891551e0606f45d2e64bb7c78b509,1,2020-11-04,I2690,ICD10CM,2dec3891551e0606f45d,0c3b8becbb231fa92ffe
0c3b8becbb231fa92ffe801a30e51324,2dec3891551e0606f45d2e64bb7c78b509,1,2020-03-01,I2690,ICD10CM,2dec3891551e0606f45d,0c3b8becbb231fa92ffe
32be4204dfe5ca762fc32d15f197cde2,3db385cbbfd26052ad79fd0934c90c0b11,0,2022-04-19,I2690,ICD10CM,3db385cbbfd26052ad79,32be4204dfe5ca762fc3
0b24b551781fb7131011770d07da1394,d4719be8a62deff9ddd8431ac2e64f6e01,1,2022-01-21,I2690,ICD10CM,d4719be8a62deff9ddd8,0b24b551781fb7131011
eb8b9148d24ffaaf609ebac0fd51d307,e8e0cced6152e82ce55a6fc766ff6ff811,1,2020-11-30,I2690,ICD10CM,e8e0cced6152e82ce55a,eb8b9148d24ffaaf609e
b59e0f94d89e7801cafae02dc6b594bc,44237e70ea37f2e02d3f6a05fb3607c615,1,2022-09-26,I2690,ICD10CM,44237e70ea37f2e02d3f,b59e0f94d89e7801cafa
bdf15f0067fa28feb2783f0d4610588b,8930bbab8a882b8156dd7d46b389e56f13,1,2020-01-13,I2690,ICD10CM,8930bbab8a882b8156dd,bdf15f0067fa28feb278
6bfcb66507ac5553e436668b42223fa8,94cbe6a91a9ec756dec74f32ae97da3104,0,2021-09-28,I2690,ICD10CM,94cbe6a91a9ec756dec7,6bfcb66507ac5553e436
c92ddf8a7a4d46fc19891972f4dc5109,415501ec9391e28b76e8e89d338eeadf06,1,2022-10-20,I2690,ICD10CM,415501ec9391e28b76e8,c92ddf8a7a4d46fc1989
654fc521d301b06eafcd742138e8784e,6dc72ae55236a8ce9b03e3cec4c7924d11,1,2021-06-09,I2690,ICD10CM,6dc72ae55236a8ce9b03,654fc521d301b06eafcd
f55d22729cbcf155903b7b9196003c5d,0b3620aa356bae3129d439800dce200e11,0,2020-02-10,I2690,ICD10CM,0b3620aa356bae3129d4,f55d22729cbcf155903b
ba113f58bf2c8b62507a819b1e7e0186,ca5d2350732a167007226ff9018f987711,0,2021-06-28,I2690,ICD10CM,ca5d2350732a16700722,ba113f58bf2c8b62507a
457049f6c94edffb791d9f1d4844600f,7211c56f14f37e697cc897cccdff559d11,1,2022-02-10,I2690,ICD10CM,7211c56f14f37e697cc8,457049f6c94edffb791d
6bfcb66507ac5553e436668b42223fa8,94cbe6a91a9ec756dec74f32ae97da3104,0,2020-11-29,I2690,ICD10CM,94cbe6a91a9ec756dec7,6bfcb66507ac5553e436
147bd70d8b976c0fd037937562850efe,54f0b5adfdd749a4459fcad8b7af84e611,0,2020-09-25,I2690,ICD10CM,54f0b5adfdd749a4459f,147bd70d8b976c0fd037
b5b33fbfbb187056b779737f4beaaddc,400f29c3bfb8d65f7143d7b5ef247bcf06,1,2021-12-31,I2690,ICD10CM,400f29c3bfb8d65f7143,b5b33fbfbb187056b779
016d8bfa721d5f6ceedaf61fd7e29c1b,7d129776a254c24aba57812ed35b7a0115,1,2022-01-15,I2690,ICD10CM,7d129776a254c24aba57,016d8bfa721d5f6ceeda
0c5e68d1453f908ef29d4d3c5c694ebb,27e0cb978ade45667cb4d474ccf53e9d11,0,2022-01-24,I514,ICD10CM,27e0cb978ade45667cb4,0c5e68d1453f908ef29d
aa9b915df394f8c1faa2ea3cc45ebf16,27e0cb978ade45667cb4d474ccf53e9d11,1,2022-09-29,I2690,ICD10CM,27e0cb978ade45667cb4,aa9b915df394f8c1faa2
b27a5eef5e006d7a477e269ebbf5bb34,74eecc893807e3ecce006453e9ca4a3411,0,2022-06-29,I2690,ICD10CM,74eecc893807e3ecce00,b27a5eef5e006d7a477e
1bfe76a1b0d6f2d58e77795a3c9aea9d,74eecc893807e3ecce006453e9ca4a3411,1,2020-02-22,I2690,ICD10CM,74eecc893807e3ecce00,1bfe76a1b0d6f2d58e77
94517080a6983b83075b3d04ac8d244e,6212c3cd7a3ad11b9f57f15bad07af4811,1,2021-01-01,I409,ICD10CM,6212c3cd7a3ad11b9f57,94517080a6983b83075b
94517080a6983b83075b3d04ac8d244e,6212c3cd7a3ad11b9f57f15bad07af4811,1,2022-05-24,I409,ICD10CM,6212c3cd7a3ad11b9f57,94517080a6983b83075b
5bb84011a608bfe79726a62a4ed98f9d,e8e0cced6152e82ce55a6fc766ff6ff811,0,2021-02-23,I514,ICD10CM,e8e0cced6152e82ce55a,5bb84011a608bfe79726
030ef279c5c5d3c29d1d973a3ef7f1eb,8930bbab8a882b8156dd7d46b389e56f13,1,2020-02-23,I2690,ICD10CM,8930bbab8a882b8156dd,030ef279c5c5d3c29d1d
676cca786df2017325402675a672024b,114e3caa0b2fb0deb11e9b7dd423adfd11,1,2021-11-19,I2690,ICD10CM,114e3caa0b2fb0deb11e,676cca786df201732540
64d12dff89bfd5f68e3e684750fbb673,4fa68717d79a2f37c3ced811fc4d33a215,0,2022-02-20,I409,ICD10CM,4fa68717d79a2f37c3ce,64d12dff89bfd5f68e3e
5e7577bd17094992e374388ad6229c17,16f86ebd16160fc09f88b05d5da62cdc13,0,2020-05-21,M311,ICD10CM,16f86ebd16160fc09f88,5e7577bd17094992e374
2e8819d4b94b92431aab85b201e77880,27e0cb978ade45667cb4d474ccf53e9d11,1,2022-04-10,I2690,ICD10CM,27e0cb978ade45667cb4,2e8819d4b94b92431aab
b2ae73c99a64056b708e3793547e6e6a,6dc72ae55236a8ce9b03e3cec4c7924d11,0,2022-02-06,I2690,ICD10CM,6dc72ae55236a8ce9b03,b2ae73c99a64056b708e
b2ae73c99a64056b708e3793547e6e6a,6dc72ae55236a8ce9b03e3cec4c7924d11,0,2020-05-20,I2690,ICD10CM,6dc72ae55236a8ce9b03,b2ae73c99a64056b708e
d439c5777c8098a293da96e932e43b46,4580609d875d5abaf2f7e5dc45aaac6409,0,2020-07-09,I2609,ICD10CM,4580609d875d5abaf2f7,d439c5777c8098a293da
7a220ea3b07c7e57ba8db1aaa6a81d7b,ca5d2350732a167007226ff9018f987711,0,2022-04-22,I2690,ICD10CM,ca5d2350732a16700722,7a220ea3b07c7e57ba8d
bb2a4c60c3516516a6ee07a82b90c1de,53e511e0c6a89099715b1340436589a811,1,2022-02-09,I514,ICD10CM,53e511e0c6a89099715b,bb2a4c60c3516516a6ee
bb2a4c60c3516516a6ee07a82b90c1de,53e511e0c6a89099715b1340436589a811,1,2021-11-24,I514,ICD10CM,53e511e0c6a89099715b,bb2a4c60c3516516a6ee
2e8819d4b94b92431aab85b201e77880,84e0ca807d2e10914cbe393740995ffa01,0,2020-06-18,I2690,ICD10CM,84e0ca807d2e10914cbe,2e8819d4b94b92431aab
ecfaa8b8f9a246ca6758a91f8b323189,45e5bd9fbc96186641be2d858cd2e4f306,1,2021-06-13,I400,ICD10CM,45e5bd9fbc96186641be,ecfaa8b8f9a246ca6758
05f176bacdc945b2963409ab9389d473,6958149d56b01dba658f67105460458111,1,2020-03-07,I2690,ICD10CM,6958149d56b01dba658f,05f176bacdc945b29634
05f176bacdc945b2963409ab9389d473,8464729f2f56dc015600a03345d085aa11,1,2020-02-03,I2690,ICD10CM,8464729f2f56dc015600,05f176bacdc945b29634
5e7577bd17094992e374388ad6229c17,16f86ebd16160fc09f88b05d5da62cdc13,0,2021-05-18,M311,ICD10CM,16f86ebd16160fc09f88,5e7577bd17094992e374
9de879c2d2010713d84835d781d9e498,27e0cb978ade45667cb4d474ccf53e9d11,1,2021-07-15,I2690,ICD10CM,27e0cb978ade45667cb4,9de879c2d2010713d848
b2ae73c99a64056b708e3793547e6e6a,6dc72ae55236a8ce9b03e3cec4c7924d11,0,2021-05-09,I2690,ICD10CM,6dc72ae55236a8ce9b03,b2ae73c99a64056b708e
b2ae73c99a64056b708e3793547e6e6a,6dc72ae55236a8ce9b03e3cec4c7924d11,0,2020-06-14,I2690,ICD10CM,6dc72ae55236a8ce9b03,b2ae73c99a64056b708e
48337b5ffbf9720fe240a307d092cf1b,f982eb050ef69e00ff1ea8ed6a664e6413,1,2022-07-24,I2690,ICD10CM,f982eb050ef69e00ff1e,48337b5ffbf9720fe240
e59152a08dc9ba89f90feb7436db9bbb,9de484da88d5c636726a53587b3fe3d315,1,2020-12-15,I409,ICD10CM,9de484da88d5c636726a,e59152a08dc9ba89f90f
7a220ea3b07c7e57ba8db1aaa6a81d7b,ca5d2350732a167007226ff9018f987711,1,2022-11-20,I2690,ICD10CM,ca5d2350732a16700722,7a220ea3b07c7e57ba8d
f371fc10d476e89a29d439800dce200e,1e2f048bd95e5d7ed39c29cbf6037e0d12,1,2021-06-30,I2690,ICD10CM,1e2f048bd95e5d7ed39c,f371fc10d476e89a29d4
89180e2fbe454e1f8d84d66f6f2edcbe,3db385cbbfd26052ad79fd0934c90c0b11,1,2021-12-24,I2690,ICD10CM,3db385cbbfd26052ad79,89180e2fbe454e1f8d84
d607cbc015294d4f264ba136462fcfe4,8930bbab8a882b8156dd7d46b389e56f13,1,2021-05-22,I2690,ICD10CM,8930bbab8a882b8156dd,d607cbc015294d4f264b
38ec3d49b6d80356a34105cb0e4a6712,0bee813feebacf9716c2ef14de1d4fb402,1,2021-05-05,I2690,ICD10CM,0bee813feebacf9716c2,38ec3d49b6d80356a341
26694fad6f64fc0122ad1579940f20e6,415501ec9391e28b76e8e89d338eeadf06,1,2020-11-03,I2690,ICD10CM,415501ec9391e28b76e8,26694fad6f64fc0122ad
64d13b6d21d8c8c72eaa0612a4e04f13,27e0cb978ade45667cb4d474ccf53e9d11,1,2021-09-06,I400,ICD10CM,27e0cb978ade45667cb4,64d13b6d21d8c8c72eaa
2d55157eb6cffdd3a1fa1b0e3c86aeec,1666e9cc06a10af6c2bf33c683c106b915,0,2021-08-02,I2690,ICD10CM,1666e9cc06a10af6c2bf,2d55157eb6cffdd3a1fa
935aff393d318e418a0f1da979fc2562,7c012e7235990b9aacba89fcce2eef3811,0,2020-07-26,I2690,ICD10CM,7c012e7235990b9aacba,935aff393d318e418a0f
382e2a5d55489a506d1f69672cdcd50c,e8f1b67ca3f3466a8d73e4d13978e70913,0,2021-07-14,I2690,ICD10CM,e8f1b67ca3f3466a8d73,382e2a5d55489a506d1f
8d5c05c8bc06239f66bf4dd052ff941c,53e511e0c6a89099715b1340436589a811,1,2020-01-11,I2690,ICD10CM,53e511e0c6a89099715b,8d5c05c8bc06239f66bf
af6dcad00805a7a02b2acd1cee3e5b53,53e511e0c6a89099715b1340436589a811,0,2021-12-11,I2690,ICD10CM,53e511e0c6a89099715b,af6dcad00805a7a02b2a
989621f317298f37bb6fddec3694f1f5,ead0df640319f20475d8488eee10b0f604,1,2020-01-19,I409,ICD10CM,ead0df640319f20475d8,989621f317298f37bb6f
28d653591e3573b64e6fe3d92a1bf207,400f29c3bfb8d65f7143d7b5ef247bcf06,1,2021-12-30,I2690,ICD10CM,400f29c3bfb8d65f7143,28d653591e3573b64e6f
06e18543ffb50cac18b0e00fc2ed3f0e,6e806c0cbd2dce39aba6f3596d989c9411,0,2021-09-08,I2690,ICD10CM,6e806c0cbd2dce39aba6,06e18543ffb50cac18b0
e53ba38cc61912ba48e9478c2413e9de,7533e4986ffbcacd4163c50a538b65fa04,0,2022-02-22,I514,ICD10CM,7533e4986ffbcacd4163,e53ba38cc61912ba48e9
b20ef69629918c47d2ae1037f9444f19,6dc72ae55236a8ce9b03e3cec4c7924d11,1,2022-07-08,I2690,ICD10CM,6dc72ae55236a8ce9b03,b20ef69629918c47d2ae
fb4be2729dfecef4a996d15785c7b05a,2c28ff8ec81d34884ec6a08388dc994011,1,2020-08-22,I2690,ICD10CM,2c28ff8ec81d34884ec6,fb4be2729dfecef4a996
4d8808b298afcdc38019bc32d918d650,e0c4b6bb9d8a9ed23e69a4c2681fbfa511,0,2022-03-03,I2690,ICD10CM,e0c4b6bb9d8a9ed23e69,4d8808b298afcdc38019
8b6ad1064d23d784a09c41a8ea07ac5a,0bee813feebacf9716c2ef14de1d4fb402,1,2021-10-30,I2690,ICD10CM,0bee813feebacf9716c2,8b6ad1064d23d784a09c
2e8819d4b94b92431aab85b201e77880,2301967d22089f4e4cd7e8cf8a48358511,0,2021-05-01,I2690,ICD10CM,2301967d22089f4e4cd7,2e8819d4b94b92431aab
6e613b6c802de069119a305225c26cad,ec07aab900c1aa07ef4ce9c409ff394012,0,2022-08-13,I2690,ICD10CM,ec07aab900c1aa07ef4c,6e613b6c802de069119a
a9b6a5233e31763dbc41e700a63d030d,94cbe6a91a9ec756dec74f32ae97da3104,1,2020-12-11,I2690,ICD10CM,94cbe6a91a9ec756dec7,a9b6a5233e31763dbc41
c4c954f86d8b40fc4e8f76dcd384bf3c,ead0df640319f20475d8488eee10b0f604,1,2022-06-13,I2690,ICD10CM,ead0df640319f20475d8,c4c954f86d8b40fc4e8f
3f0460133032d6f245f8f84f4bfe3523,63eb253660fd476852532211d2ef625511,1,2020-07-17,I514,ICD10CM,63eb253660fd47685253,3f0460133032d6f245f8
d0de61c967548c2cbef84eef3b748211,f4f898a40b0a6bdec32d76498d02d91805,0,2020-06-13,I2690,ICD10CM,f4f898a40b0a6bdec32d,d0de61c967548c2cbef8
90a5f3c2ef2934324481e5ef442194f1,8464729f2f56dc015600a03345d085aa11,0,2022-05-13,I2690,ICD10CM,8464729f2f56dc015600,90a5f3c2ef2934324481
84450aa477ae6175457f70515c400d17,e9f2985d820adc142addd0d497d1577409,1,2022-05-14,I2690,ICD10CM,e9f2985d820adc142add,84450aa477ae6175457f
a4de73f4ecb75ca4990d61d567bf64ae,6dc72ae55236a8ce9b03e3cec4c7924d11,1,2021-09-05,I2690,ICD10CM,6dc72ae55236a8ce9b03,a4de73f4ecb75ca4990d
382e2a5d55489a506d1f69672cdcd50c,7211c56f14f37e697cc897cccdff559d11,1,2020-01-13,I2690,ICD10CM,7211c56f14f37e697cc8,382e2a5d55489a506d1f
d690cb4c4cd2f0278b2e5d36197431f8,ec07aab900c1aa07ef4ce9c409ff394012,1,2022-07-04,I2690,ICD10CM,ec07aab900c1aa07ef4c,d690cb4c4cd2f0278b2e
a1a6196b100ed56df6f206c2aa088c6b,415501ec9391e28b76e8e89d338eeadf06,0,2022-07-18,I2690,ICD10CM,415501ec9391e28b76e8,a1a6196b100ed56df6f2
38ec3d49b6d80356a34105cb0e4a6712,0bee813feebacf9716c2ef14de1d4fb402,0,2021-09-09,I2690,ICD10CM,0bee813feebacf9716c2,38ec3d49b6d80356a341
063e9d624cf4fb5268913466bb9ccb07,e6404d4769862692322bb364b0b2163d04,0,2021-06-18,I2690,ICD10CM,e6404d4769862692322b,063e9d624cf4fb526891
cb289a92e077adf26406f91bb06331e1,15452894c81106d8b7691c9e1ca03df312,0,2022-10-21,I2690,ICD10CM,15452894c81106d8b769,cb289a92e077adf26406
56fdba6f12db9c3cb91ca67be4834c2c,3db385cbbfd26052ad79fd0934c90c0b11,1,2021-08-31,I2690,ICD10CM,3db385cbbfd26052ad79,56fdba6f12db9c3cb91c
a04f550b6461212f1f16dfdeae88e30a,6ae1cb9486492a0a609c5649f28db13a12,1,2020-08-28,I514,ICD10CM,6ae1cb9486492a0a609c,a04f550b6461212f1f16
1ea54405882a0b4a9371dcd8977fdc3c,6814efe5f17da71bd9a2757ccbf7bc3101,1,2022-09-06,I2609,ICD10CM,6814efe5f17da71bd9a2,1ea54405882a0b4a9371
e11647f2546d343ccdd76d0807d1194c,f72a3749709557f852c9cde4d1cb01b101,1,2021-07-16,I2690,ICD10CM,f72a3749709557f852c9,e11647f2546d343ccdd7
888ba18c6d1ae5a6d284751205d22314,1666e9cc06a10af6c2bf33c683c106b915,1,2022-10-04,I2690,ICD10CM,1666e9cc06a10af6c2bf,888ba18c6d1ae5a6d284
3abb4767f6f006777797f32b0543dd13,e9f2985d820adc142addd0d497d1577409,0,2022-09-17,I2690,ICD10CM,e9f2985d820adc142add,3abb4767f6f006777797
1374d366f6069676e3ee02b569039701,6dc72ae55236a8ce9b03e3cec4c7924d11,0,2022-05-02,I2690,ICD10CM,6dc72ae55236a8ce9b03,1374d366f6069676e3ee
c41a9a0b4cd516a44f5267466a384b58,7c012e7235990b9aacba89fcce2eef3811,1,2022-09-29,I2690,ICD10CM,7c012e7235990b9aacba,c41a9a0b4cd516a44f52
5549f78373e17d85d4da2b7014af4c09,8930bbab8a882b8156dd7d46b389e56f13,1,2021-07-14,I2690,ICD10CM,8930bbab8a882b8156dd,5549f78373e17d85d4da
26c98421959078c3c3f411fd0b914c9e,ca5d2350732a167007226ff9018f987711,1,2020-12-13,I2690,ICD10CM,ca5d2350732a16700722,26c98421959078c3c3f4
7ab0c0ebb664a974cbd371551cb1a376,0bee813feebacf9716c2ef14de1d4fb402,1,2022-09-24,I2690,ICD10CM,0bee813feebacf9716c2,7ab0c0ebb664a974cbd3
26694fad6f64fc0122ad1579940f20e6,ea532c737d24caa9f6df152b16c1a41b11,1,2022-06-11,I2690,ICD10CM,ea532c737d24caa9f6df,26694fad6f64fc0122ad
907d79092e0d60724f704f202a95f3f3,e8e0cced6152e82ce55a6fc766ff6ff811,1,2020-07-19,I2690,ICD10CM,e8e0cced6152e82ce55a,907d79092e0d60724f70
c41a9a0b4cd516a44f5267466a384b58,9b00b43b9ba23081137973205b9ce2fb13,1,2020-05-06,I2690,ICD10CM,9b00b43b9ba230811379,c41a9a0b4cd516a44f52
866ba690cf39f328f0f13afe991f89c0,ead0df640319f20475d8488eee10b0f604,1,2021-01-24,I400,ICD10CM,ead0df640319f20475d8,866ba690cf39f328f0f1
e73f1001fd2a63f9972a6e4534e729ef,8923abf0b4bf89dfea13b34f98c51ee405,1,2021-07-29,I409,ICD10CM,8923abf0b4bf89dfea13,e73f1001fd2a63f9972a
58e31c22ab88fa58768086ee171cabbe,038fde5ee4cf5551adb75cf4a14d516f05,1,2020-01-25,I2690,ICD10CM,038fde5ee4cf5551adb7,58e31c22ab88fa587680
1374d366f6069676e3ee02b569039701,6dc72ae55236a8ce9b03e3cec4c7924d11,0,2021-09-24,I2690,ICD10CM,6dc72ae55236a8ce9b03,1374d366f6069676e3ee
33fc193359c5e5d7ededd8a5146fef70,7c012e7235990b9aacba89fcce2eef3811,0,2022-04-01,I2690,ICD10CM,7c012e7235990b9aacba,33fc193359c5e5d7eded
d693be5c726b8d74d74931d6c47597a6,8930bbab8a882b8156dd7d46b389e56f13,1,2021-09-29,I2690,ICD10CM,8930bbab8a882b8156dd,d693be5c726b8d74d749
4f87a47056352ee3e693e4020517dceb,bae433f8784fa9cfc7cef7c6d386995f04,0,2022-02-24,M311,ICD10CM,bae433f8784fa9cfc7ce,4f87a47056352ee3e693
9a5115ef7ddf7877aceba384d41cdba0,400f29c3bfb8d65f7143d7b5ef247bcf06,1,2022-04-09,I2690,ICD10CM,400f29c3bfb8d65f7143,9a5115ef7ddf7877aceb
38d2f32074659723d0a444c25a30553a,a5f75d4128e308395ee2aaa64778ad7711,1,2022-07-14,I2690,ICD10CM,a5f75d4128e308395ee2,38d2f32074659723d0a4
6a6a639c2aefa257680fd2a7595808a4,ead0df640319f20475d8488eee10b0f604,1,2021-07-23,I409,ICD10CM,ead0df640319f20475d8,6a6a639c2aefa257680f
52a04c471a770907acd5f82e43d1f499,4af499cdb5964bfb4614b041f90e1d4f09,0,2020-05-14,I2690,ICD10CM,4af499cdb5964bfb4614,52a04c471a770907acd5
4eaf10f77679f31c0aa6645b5a7cb645,45e5bd9fbc96186641be2d858cd2e4f306,1,2021-06-18,I2690,ICD10CM,45e5bd9fbc96186641be,4eaf10f77679f31c0aa6
89a4868036b74b7a459fcad8b7af84e6,ab5620c9614814573b2b5df5d0ff0a0d15,1,2022-02-26,I2690,ICD10CM,ab5620c9614814573b2b,89a4868036b74b7a459f
c2274303249e5b334ae0be039e831ca3,4fdb34021a4846f4bd30c23d68449f6c11,1,2020-07-21,I2690,ICD10CM,4fdb34021a4846f4bd30,c2274303249e5b334ae0
04397051c3a546f3e403782431e35edb,6f559411414f8132e835517c23a98fbd11,1,2022-02-28,I2690,ICD10CM,6f559411414f8132e835,04397051c3a546f3e403
2f74d6ec272bba15cca3bea643953dd0,b3eb15e32c2e4a31393e4c16e6dc3e7415,0,2020-08-11,I514,ICD10CM,b3eb15e32c2e4a31393e,2f74d6ec272bba15cca3
ba7be4fb17a81c80040ce90d4a87ced8,4580609d875d5abaf2f7e5dc45aaac6409,0,2021-11-28,I2609,ICD10CM,4580609d875d5abaf2f7,ba7be4fb17a81c80040c
3d7fc67b7c48348c420d917d4ef9bb4d,6e806c0cbd2dce39aba6f3596d989c9411,1,2020-07-24,I2690,ICD10CM,6e806c0cbd2dce39aba6,3d7fc67b7c48348c420d
b51fe6b83b4d7d09b62461fb207b2103,94cbe6a91a9ec756dec74f32ae97da3104,1,2021-10-08,I2690,ICD10CM,94cbe6a91a9ec756dec7,b51fe6b83b4d7d09b624
d27d9eefb4f830b581827ad372e20c1b,c3fcd9134b58c89564f3bd955c59b53101,0,2021-08-11,I2690,ICD10CM,c3fcd9134b58c89564f3,d27d9eefb4f830b58182
166af97b901dbda8d39c29cbf6037e0d,9afb7ec31fa97fa49616371567a1fcad11,1,2022-12-30,I409,ICD10CM,9afb7ec31fa97fa49616,166af97b901dbda8d39c
2f74d6ec272bba15cca3bea643953dd0,9de484da88d5c636726a53587b3fe3d315,0,2022-04-12,I409,ICD10CM,9de484da88d5c636726a,2f74d6ec272bba15cca3
5549f78373e17d85d4da2b7014af4c09,8930bbab8a882b8156dd7d46b389e56f13,1,2021-09-28,I2690,ICD10CM,8930bbab8a882b8156dd,5549f78373e17d85d4da
8bb29f40dde7d90fe927d5aec5fc377f,2c28ff8ec81d34884ec6a08388dc994011,0,2022-12-19,I2690,ICD10CM,2c28ff8ec81d34884ec6,8bb29f40dde7d90fe927
08617c64d4948a83646172911c3cf03e,2dec3891551e0606f45d2e64bb7c78b509,1,2020-10-12,I2690,ICD10CM,2dec3891551e0606f45d,08617c64d4948a836461
4f1fcee198eb7a1b11f038e23d8ca5c7,ead0df640319f20475d8488eee10b0f604,0,2022-03-13,I2690,ICD10CM,ead0df640319f20475d8,4f1fcee198eb7a1b11f0
f06faeb9661fd9f20e64b71059682e5e,ead0df640319f20475d8488eee10b0f604,0,2022-10-10,I409,ICD10CM,ead0df640319f20475d8,f06faeb9661fd9f20e64
ea2c650435ad55cea61c0950635da983,63eb253660fd476852532211d2ef625511,1,2021-07-29,I400,ICD10CM,63eb253660fd47685253,ea2c650435ad55cea61c
784fb9600fd4de3e0c5b24eafbbf9445,6307576c8642b1a0cfb8f6266eee38e205,1,2021-10-29,I409,ICD10CM,6307576c8642b1a0cfb8,784fb9600fd4de3e0c5b
d8415d1d7e280f0ccdacc0080ca803dc,eb1f3588e216174a5fed6587645e445e01,0,2020-07-09,I2690,ICD10CM,eb1f3588e216174a5fed,d8415d1d7e280f0ccdac
389f1d10c9449bbb372cb2693645c33d,6958149d56b01dba658f67105460458111,0,2020-08-24,I2690,ICD10CM,6958149d56b01dba658f,389f1d10c9449bbb372c
e448a35314d290987fa917665af05712,6bca8f8873634f9478932e9511c6723515,0,2021-08-22,I2690,ICD10CM,6bca8f8873634f947893,e448a35314d290987fa9
fd9a6102c53811e52a85680054156906,2c28ff8ec81d34884ec6a08388dc994011,0,2021-09-16,I2690,ICD10CM,2c28ff8ec81d34884ec6,fd9a6102c53811e52a85
5604cf7a87229248f38685b2689ddc03,1589d84cc7956a7cef4ce9c409ff394011,0,2021-02-02,I2690,ICD10CM,1589d84cc7956a7cef4c,5604cf7a87229248f386
5604cf7a87229248f38685b2689ddc03,1589d84cc7956a7cef4ce9c409ff394011,0,2022-07-10,I2690,ICD10CM,1589d84cc7956a7cef4c,5604cf7a87229248f386
081d6a81a8119bcbfbf3a487f3dad551,9d1dc01a5db43236057c64b882ab607a09,0,2021-11-04,I2690,ICD10CM,9d1dc01a5db43236057c,081d6a81a8119bcbfbf3
259521c2f0ae23b7e9ba7a1c43319095,0ed70a4ae27373dc8ff8bb7c6d37c84f11,0,2020-11-16,I514,ICD10CM,0ed70a4ae27373dc8ff8,259521c2f0ae23b7e9ba
b0fd80bc07baab65cfcc689be1bba3c7,53e511e0c6a89099715b1340436589a811,0,2020-10-10,I2609,ICD10CM,53e511e0c6a89099715b,b0fd80bc07baab65cfcc
7b34875e47af462a0f5caeb514d3ca0a,6e806c0cbd2dce39aba6f3596d989c9411,1,2022-07-18,I2690,ICD10CM,6e806c0cbd2dce39aba6,7b34875e47af462a0f5c
78772059bde61fff97d87d21b3c762b3,6a80c304310ab6244793de6c2845c52f15,0,2021-01-16,I2690,ICD10CM,6a80c304310ab6244793,78772059bde61fff97d8
b1c10d14f795855cf6dbfdbd2055aa91,40f06f944997994f6b5c75b1673f4bb113,1,2021-04-06,I409,ICD10CM,40f06f944997994f6b5c,b1c10d14f795855cf6db
29cdf5e4f594e1f9fc7c6d1690390342,6dc72ae55236a8ce9b03e3cec4c7924d11,0,2020-05-07,I2690,ICD10CM,6dc72ae55236a8ce9b03,29cdf5e4f594e1f9fc7c
172d2b4f4f879a8327ac7f694ec4e2f6,6958149d56b01dba658f67105460458111,1,2020-06-09,M311,ICD10CM,6958149d56b01dba658f,172d2b4f4f879a8327ac
f88959641dd447657affd993d9e6e095,9de484da88d5c636726a53587b3fe3d315,0,2022-12-10,I409,ICD10CM,9de484da88d5c636726a,f88959641dd447657aff
d5589b3ed4c902242e7982b6105b7288,1589d84cc7956a7cef4ce9c409ff394011,1,2021-01-01,I2690,ICD10CM,1589d84cc7956a7cef4c,d5589b3ed4c902242e79
4249c17f51d0e0cfc2f5660e23b1b308,2c28ff8ec81d34884ec6a08388dc994011,0,2021-01-05,I2690,ICD10CM,2c28ff8ec81d34884ec6,4249c17f51d0e0cfc2f5
285808b22bb72aa4d8d60bda26ddc754,53e511e0c6a89099715b1340436589a811,1,2022-03-17,I2690,ICD10CM,53e511e0c6a89099715b,285808b22bb72aa4d8d6
d79d00910704db5760024e3c70a81d43,400f29c3bfb8d65f7143d7b5ef247bcf06,0,2021-04-21,I2690,ICD10CM,400f29c3bfb8d65f7143,d79d00910704db576002
d79d00910704db5760024e3c70a81d43,400f29c3bfb8d65f7143d7b5ef247bcf06,0,2020-08-09,I2690,ICD10CM,400f29c3bfb8d65f7143,d79d00910704db576002
7c04af43ca6a0da5696512b84157176d,44237e70ea37f2e02d3f6a05fb3607c615,1,2020-12-17,I2690,ICD10CM,44237e70ea37f2e02d3f,7c04af43ca6a0da56965
939ce2faaf1aacf43483821052cda790,7c012e7235990b9aacba89fcce2eef3811,1,2020-05-10,I2690,ICD10CM,7c012e7235990b9aacba,939ce2faaf1aacf43483
d59a3f9bea2e833bfd672af72fac4b06,8930bbab8a882b8156dd7d46b389e56f13,1,2022-03-11,I2690,ICD10CM,8930bbab8a882b8156dd,d59a3f9bea2e833bfd67
66b2b56b5b93a83ca97568f3978b4300,4fdb34021a4846f4bd30c23d68449f6c11,1,2020-12-26,I2690,ICD10CM,4fdb34021a4846f4bd30,66b2b56b5b93a83ca975
757b15604b8d2d1eab519bcd1ac48f40,e8e0cced6152e82ce55a6fc766ff6ff811,1,2021-10-08,I2690,ICD10CM,e8e0cced6152e82ce55a,757b15604b8d2d1eab51
4249c17f51d0e0cfc2f5660e23b1b308,2c28ff8ec81d34884ec6a08388dc994011,0,2022-03-21,I2690,ICD10CM,2c28ff8ec81d34884ec6,4249c17f51d0e0cfc2f5
3f2c2f5af62f32a4a5a56090b452d04a,e8f1b67ca3f3466a8d73e4d13978e70913,1,2022-04-17,I409,ICD10CM,e8f1b67ca3f3466a8d73,3f2c2f5af62f32a4a5a5
9737b8486a9875658e6e47c3be6764f8,45e5bd9fbc96186641be2d858cd2e4f306,1,2020-11-26,I2690,ICD10CM,45e5bd9fbc96186641be,9737b8486a9875658e6e
566c286f0a04478517d0b59a33b74482,7c012e7235990b9aacba89fcce2eef3811,1,2020-07-22,I2690,ICD10CM,7c012e7235990b9aacba,566c286f0a04478517d0
38a35d44a9eff813109e0649ef10cb98,2c28ff8ec81d34884ec6a08388dc994011,1,2020-02-26,I514,ICD10CM,2c28ff8ec81d34884ec6,38a35d44a9eff813109e
8bb29f40dde7d90fe927d5aec5fc377f,2c28ff8ec81d34884ec6a08388dc994011,1,2022-10-08,I2690,ICD10CM,2c28ff8ec81d34884ec6,8bb29f40dde7d90fe927
be3df3f32634e03f649316ff8e64b1ce,ca5d2350732a167007226ff9018f987711,1,2022-05-15,I2690,ICD10CM,ca5d2350732a16700722,be3df3f32634e03f6493
28d653591e3573b64e6fe3d92a1bf207,400f29c3bfb8d65f7143d7b5ef247bcf06,1,2021-06-24,I2690,ICD10CM,400f29c3bfb8d65f7143,28d653591e3573b64e6f
11a5e7d814207cb9d9b2a7020b3e7674,45e5bd9fbc96186641be2d858cd2e4f306,0,2022-12-14,I2690,ICD10CM,45e5bd9fbc96186641be,11a5e7d814207cb9d9b2
c30a0af561efae8476c0fa012abe52fe,ec35c153504ddde18ccc77d46a5c72fe04,0,2021-12-27,I2690,ICD10CM,ec35c153504ddde18ccc,c30a0af561efae8476c0
3e030dc6608989df944534136d65eb08,f4f898a40b0a6bdec32d76498d02d91805,0,2020-10-05,I2690,ICD10CM,f4f898a40b0a6bdec32d,3e030dc6608989df9445
db68544e50050237f1eb16616d507150,27e0cb978ade45667cb4d474ccf53e9d11,1,2021-11-07,I2690,ICD10CM,27e0cb978ade45667cb4,db68544e50050237f1eb
3a30a14e44ee8d0be4dc7a2a25bbbaf1,27e0cb978ade45667cb4d474ccf53e9d11,0,2020-05-11,I2690,ICD10CM,27e0cb978ade45667cb4,3a30a14e44ee8d0be4dc
02a87e167fc91589f3b28768b044663d,27e0cb978ade45667cb4d474ccf53e9d11,0,2020-09-19,I2690,ICD10CM,27e0cb978ade45667cb4,02a87e167fc91589f3b2
616181254ec6801ff4111cf0cdf61ef8,40f06f944997994f6b5c75b1673f4bb113,1,2022-08-30,I2690,ICD10CM,40f06f944997994f6b5c,616181254ec6801ff411
38ad852f851faf204f7ce0d63bf56b9f,6dc72ae55236a8ce9b03e3cec4c7924d11,1,2021-12-03,I2690,ICD10CM,6dc72ae55236a8ce9b03,38ad852f851faf204f7c
502c557e4b754eeeeedaf61fd7e29c1b,9de484da88d5c636726a53587b3fe3d315,1,2022-04-20,I514,ICD10CM,9de484da88d5c636726a,502c557e4b754eeeeeda
4000d097cd8edac06c40d5a860e4bebf,0ed70a4ae27373dc8ff8bb7c6d37c84f11,1,2022-01-10,I2690,ICD10CM,0ed70a4ae27373dc8ff8,4000d097cd8edac06c40
47c4f923db68d855e8469dc7118267cd,7533e4986ffbcacd4163c50a538b65fa04,1,2021-09-21,I2690,ICD10CM,7533e4986ffbcacd4163,47c4f923db68d855e846
32de17205956d4773786015e885e22f7,f4f898a40b0a6bdec32d76498d02d91805,0,2021-12-04,I2690,ICD10CM,f4f898a40b0a6bdec32d,32de17205956d4773786
30aa03938fb71daf6babfc49dfc52bb7,27e0cb978ade45667cb4d474ccf53e9d11,0,2020-08-10,I2690,ICD10CM,27e0cb978ade45667cb4,30aa03938fb71daf6bab
1b50ccb8741fae72637bde82fa884fe1,6958149d56b01dba658f67105460458111,0,2020-12-19,I2690,ICD10CM,6958149d56b01dba658f,1b50ccb8741fae72637b
10740c3f4bb7ce467401f013c588c603,9de484da88d5c636726a53587b3fe3d315,1,2021-04-29,I514,ICD10CM,9de484da88d5c636726a,10740c3f4bb7ce467401
d693be5c726b8d74d74931d6c47597a6,8930bbab8a882b8156dd7d46b389e56f13,1,2020-01-23,I2690,ICD10CM,8930bbab8a882b8156dd,d693be5c726b8d74d749
64d934086dcf8b34700e40c2e78748f8,8930bbab8a882b8156dd7d46b389e56f13,1,2021-07-26,I409,ICD10CM,8930bbab8a882b8156dd,64d934086dcf8b34700e
f2c649b9ae46aca20d0c6b1ae0184566,ec07aab900c1aa07ef4ce9c409ff394012,1,2020-03-11,I2609,ICD10CM,ec07aab900c1aa07ef4c,f2c649b9ae46aca20d0c
0c3b8becbb231fa92ffe801a30e51324,2dec3891551e0606f45d2e64bb7c78b509,1,2022-07-07,I2690,ICD10CM,2dec3891551e0606f45d,0c3b8becbb231fa92ffe
10740c3f4bb7ce467401f013c588c603,ead0df640319f20475d8488eee10b0f604,1,2021-11-18,I409,ICD10CM,ead0df640319f20475d8,10740c3f4bb7ce467401
ae9bb51927b204660e60c6390635c3f9,45e5bd9fbc96186641be2d858cd2e4f306,1,2020-09-06,I2690,ICD10CM,45e5bd9fbc96186641be,ae9bb51927b204660e60
10740c3f4bb7ce467401f013c588c603,d4719be8a62deff9ddd8431ac2e64f6e01,1,2022-08-10,I409,ICD10CM,d4719be8a62deff9ddd8,10740c3f4bb7ce467401
d87cbbb3fe6937f2ac96fd5051d754da,2dec3891551e0606f45d2e64bb7c78b509,1,2021-01-17,I2690,ICD10CM,2dec3891551e0606f45d,d87cbbb3fe6937f2ac96
416720f946d83641ceb46a32c7493804,45e5bd9fbc96186641be2d858cd2e4f306,1,2021-10-06,I2690,ICD10CM,45e5bd9fbc96186641be,416720f946d83641ceb4
ca44b8014f6259e991f079457fb2866f,031c8b92dcaf27b721f2f51fee07c78101,0,2022-11-27,I2690,ICD10CM,031c8b92dcaf27b721f2,ca44b8014f6259e991f0
c2274303249e5b334ae0be039e831ca3,031c8b92dcaf27b721f2f51fee07c78101,0,2022-08-03,I2690,ICD10CM,031c8b92dcaf27b721f2,c2274303249e5b334ae0
8e481ebde3b9c7fa14bd98cea67c90b0,3db385cbbfd26052ad79fd0934c90c0b11,0,2020-10-18,I2690,ICD10CM,3db385cbbfd26052ad79,8e481ebde3b9c7fa14bd
e7b5eded506028ff48baed6fe0989dde,27e0cb978ade45667cb4d474ccf53e9d11,1,2021-04-13,M311,ICD10CM,27e0cb978ade45667cb4,e7b5eded506028ff48ba
bd3545b174ae3ad77bf3130faf1ee9f3,4fdb34021a4846f4bd30c23d68449f6c11,1,2020-05-02,I514,ICD10CM,4fdb34021a4846f4bd30,bd3545b174ae3ad77bf3
f882b5f4d3896a0f3047e6b12e14bd61,e8e0cced6152e82ce55a6fc766ff6ff811,1,2020-12-31,I2690,ICD10CM,e8e0cced6152e82ce55a,f882b5f4d3896a0f3047
a5ce4ce1dd7fe73b25ebb8cb109db0dc,031c8b92dcaf27b721f2f51fee07c78101,0,2022-07-12,I2690,ICD10CM,031c8b92dcaf27b721f2,a5ce4ce1dd7fe73b25eb
a5ce4ce1dd7fe73b25ebb8cb109db0dc,031c8b92dcaf27b721f2f51fee07c78101,0,2021-06-16,I2690,ICD10CM,031c8b92dcaf27b721f2,a5ce4ce1dd7fe73b25eb
e94511a40e75e658715b1340436589a8,45e5bd9fbc96186641be2d858cd2e4f306,0,2021-01-30,I2690,ICD10CM,45e5bd9fbc96186641be,e94511a40e75e658715b
b8680841fcf090a0629ea4c8d604b715,6307576c8642b1a0cfb8f6266eee38e205,0,2020-05-03,I2690,ICD10CM,6307576c8642b1a0cfb8,b8680841fcf090a0629e
14cab4fd0499ca3163fea4e6dba86e35,0f07938660e272c62eced0de6740fbb411,0,2020-03-31,I514,ICD10CM,0f07938660e272c62ece,14cab4fd0499ca3163fe
cc2065f9af8bb615ef09ad1c73f630f3,5218085634c27366e39856b4a7d1785214,1,2020-09-15,I2690,ICD10CM,5218085634c27366e398,cc2065f9af8bb615ef09
05d4109b9f13262dadfb3e4cb95faf65,8930bbab8a882b8156dd7d46b389e56f13,1,2022-04-27,I2690,ICD10CM,8930bbab8a882b8156dd,05d4109b9f13262dadfb
b48946269e7064e0baa19c82385b2c65,e8f1b67ca3f3466a8d73e4d13978e70913,0,2022-09-29,I2690,ICD10CM,e8f1b67ca3f3466a8d73,b48946269e7064e0baa1
22c84a006ec09c2f9f757466d1689c05,ca5d2350732a167007226ff9018f987711,1,2021-06-30,I2690,ICD10CM,ca5d2350732a16700722,22c84a006ec09c2f9f75
f482d4cb4353fe6b379b6242673ba558,e8e0cced6152e82ce55a6fc766ff6ff811,0,2022-11-06,I409,ICD10CM,e8e0cced6152e82ce55a,f482d4cb4353fe6b379b
03ba257b61a8b94af2b54e85488cb89f,ead0df640319f20475d8488eee10b0f604,1,2022-05-19,I514,ICD10CM,ead0df640319f20475d8,03ba257b61a8b94af2b5
de9fbe7b3ff2127bb9916b54ac7ae2c4,d4719be8a62deff9ddd8431ac2e64f6e01,1,2022-10-05,I2690,ICD10CM,d4719be8a62deff9ddd8,de9fbe7b3ff2127bb991
32de17205956d4773786015e885e22f7,f4f898a40b0a6bdec32d76498d02d91805,1,2021-04-08,I2690,ICD10CM,f4f898a40b0a6bdec32d,32de17205956d4773786
32de17205956d4773786015e885e22f7,f4f898a40b0a6bdec32d76498d02d91805,1,2022-07-16,I2690,ICD10CM,f4f898a40b0a6bdec32d,32de17205956d4773786
88bb40b4f25e5cf2d3ec30ff15c3eabe,40f06f944997994f6b5c75b1673f4bb113,1,2022-07-27,I2690,ICD10CM,40f06f944997994f6b5c,88bb40b4f25e5cf2d3ec
217c42e235736d0cc7f81d3f90e2e3da,5218085634c27366e39856b4a7d1785214,0,2020-03-11,I2690,ICD10CM,5218085634c27366e398,217c42e235736d0cc7f8
bf3a112f07567e34f66bc536e14d7e8d,f982eb050ef69e00ff1ea8ed6a664e6413,1,2022-01-06,I514,ICD10CM,f982eb050ef69e00ff1e,bf3a112f07567e34f66b
eb0e191e35420b46819a0e6d85e443f9,8930bbab8a882b8156dd7d46b389e56f13,1,2020-08-13,I2690,ICD10CM,8930bbab8a882b8156dd,eb0e191e35420b46819a
22c84a006ec09c2f9f757466d1689c05,ca5d2350732a167007226ff9018f987711,0,2020-11-06,I2690,ICD10CM,ca5d2350732a16700722,22c84a006ec09c2f9f75
20d01fd9f509425a3a03a97003f38424,45e5bd9fbc96186641be2d858cd2e4f306,1,2022-07-14,I400,ICD10CM,45e5bd9fbc96186641be,20d01fd9f509425a3a03
9995baa822e3d77f42bd9d6936e563e9,45e5bd9fbc96186641be2d858cd2e4f306,1,2021-06-07,I2690,ICD10CM,45e5bd9fbc96186641be,9995baa822e3d77f42bd
910a7a3c2e3656cd19adc2f271714025,57776daee98883f3225682995153df3e05,1,2021-01-30,I2690,ICD10CM,57776daee98883f32256,910a7a3c2e3656cd19ad
df30c47b6a030f03900b2793b5c6a15a,6307576c8642b1a0cfb8f6266eee38e205,0,2022-08-24,I2690,ICD10CM,6307576c8642b1a0cfb8,df30c47b6a030f03900b
32de17205956d4773786015e885e22f7,f4f898a40b0a6bdec32d76498d02d91805,1,2022-01-02,I2690,ICD10CM,f4f898a40b0a6bdec32d,32de17205956d4773786
f26643fd0f9e5d4aa84aa5eb74733508,5218085634c27366e39856b4a7d1785214,0,2021-03-31,I2690,ICD10CM,5218085634c27366e398,f26643fd0f9e5d4aa84a
e2cbae4fcf2af03c6cdd65285287ac3d,6dc72ae55236a8ce9b03e3cec4c7924d11,0,2021-06-17,I2690,ICD10CM,6dc72ae55236a8ce9b03,e2cbae4fcf2af03c6cdd
aa62bbbe08915a260da5216ed5462f16,7159b0e365deadc94c0a227665e7c87411,1,2022-02-14,I2690,ICD10CM,7159b0e365deadc94c0a,aa62bbbe08915a260da5
f1d0e97797bffe2a4f9a7a787414a995,7c012e7235990b9aacba89fcce2eef3811,0,2021-09-13,I2690,ICD10CM,7c012e7235990b9aacba,f1d0e97797bffe2a4f9a
f1d0e97797bffe2a4f9a7a787414a995,7c012e7235990b9aacba89fcce2eef3811,0,2022-05-13,I2690,ICD10CM,7c012e7235990b9aacba,f1d0e97797bffe2a4f9a
5e031a9bd021c8746968c05eae806f35,8930bbab8a882b8156dd7d46b389e56f13,1,2020-01-19,I2690,ICD10CM,8930bbab8a882b8156dd,5e031a9bd021c8746968
0bf59eccce317fce91856bdcbfad00f2,6f559411414f8132e835517c23a98fbd11,1,2021-07-07,I2690,ICD10CM,6f559411414f8132e835,0bf59eccce317fce9185
8993973bb337e5f4d7f11fe23c9af89a,6f559411414f8132e835517c23a98fbd11,1,2022-01-26,I2690,ICD10CM,6f559411414f8132e835,8993973bb337e5f4d7f1
a93645f9f6ff13ddcc45e30301bad50e,ca5d2350732a167007226ff9018f987711,1,2022-11-21,I2690,ICD10CM,ca5d2350732a16700722,a93645f9f6ff13ddcc45
f36c0186b406b7c9420d917d4ef9bb4d,d69bd800ea243357f111a1c230270c7e11,0,2020-05-03,I2690,ICD10CM,d69bd800ea243357f111,f36c0186b406b7c9420d
bb3f15ae3675c293421363748ac47aa4,1589d84cc7956a7cef4ce9c409ff394011,1,2021-05-13,I2690,ICD10CM,1589d84cc7956a7cef4c,bb3f15ae3675c2934213
78b1a80195fc3e9d1fdbddad2944f0be,1df1c378d2b1b5b6d83480cf69f575e712,1,2021-08-28,I2690,ICD10CM,1df1c378d2b1b5b6d834,78b1a80195fc3e9d1fdb
58e976743d67722111f2f760c526e81f,1df1c378d2b1b5b6d83480cf69f575e712,1,2022-09-19,I2690,ICD10CM,1df1c378d2b1b5b6d834,58e976743d67722111f2
bf8f3c34ffa51202a1b07a1fa19e3ea8,031c8b92dcaf27b721f2f51fee07c78101,1,2020-04-12,I2690,ICD10CM,031c8b92dcaf27b721f2,bf8f3c34ffa51202a1b0
b144cba8c3297b8d21efff41fdf478c5,b6cb2b32d31d4b98c6e40c794d63187b09,1,2021-06-08,I409,ICD10CM,b6cb2b32d31d4b98c6e4,b144cba8c3297b8d21ef
295da854eb03f4ad599708eb0de04427,6fedf9560f0b05ce2786c33a287c8f5a11,1,2021-10-16,I2690,ICD10CM,6fedf9560f0b05ce2786,295da854eb03f4ad5997
647665e93bb0dd4bc6849bfe7a5f84ec,40f06f944997994f6b5c75b1673f4bb113,1,2021-01-07,I2690,ICD10CM,40f06f944997994f6b5c,647665e93bb0dd4bc684
fcb43ab394f05f543915ccf43d35f320,1666e9cc06a10af6c2bf33c683c106b915,0,2022-11-23,I2690,ICD10CM,1666e9cc06a10af6c2bf,fcb43ab394f05f543915
6cc8a88a6fd702a2794e083587bb683d,1e2f048bd95e5d7ed39c29cbf6037e0d12,1,2021-06-08,I2690,ICD10CM,1e2f048bd95e5d7ed39c,6cc8a88a6fd702a2794e
5cb807039c21447348eefd0ecb82396d,6958149d56b01dba658f67105460458111,1,2020-12-06,I2690,ICD10CM,6958149d56b01dba658f,5cb807039c21447348ee
2a30ae032263f6d0d17118a1e07ca34a,114e3caa0b2fb0deb11e9b7dd423adfd11,1,2022-10-13,I2690,ICD10CM,114e3caa0b2fb0deb11e,2a30ae032263f6d0d171
9f1a6c06c9667e757c1efa39a2efe5ec,4fdb34021a4846f4bd30c23d68449f6c11,0,2022-07-16,I409,ICD10CM,4fdb34021a4846f4bd30,9f1a6c06c9667e757c1e
cdc256261ef3672d2d3d01cc13f22ae0,ec07aab900c1aa07ef4ce9c409ff394012,1,2022-02-03,I2690,ICD10CM,ec07aab900c1aa07ef4c,cdc256261ef3672d2d3d
10e9a70a85b28ce58f4beeb9a66fdb1d,94cbe6a91a9ec756dec74f32ae97da3104,0,2020-06-25,I2690,ICD10CM,94cbe6a91a9ec756dec7,10e9a70a85b28ce58f4b
fe09d279dd720984adcc5f29c1a882d3,ca5d2350732a167007226ff9018f987711,1,2022-09-12,I2690,ICD10CM,ca5d2350732a16700722,fe09d279dd720984adcc
ee02309be78e7cdc843333359f87f9d2,6e806c0cbd2dce39aba6f3596d989c9411,0,2020-06-13,I2690,ICD10CM,6e806c0cbd2dce39aba6,ee02309be78e7cdc8433
ee02309be78e7cdc843333359f87f9d2,6e806c0cbd2dce39aba6f3596d989c9411,0,2021-06-06,I2690,ICD10CM,6e806c0cbd2dce39aba6,ee02309be78e7cdc8433
6bfca119b5b2e8e8e0f0a88637cee0f9,415501ec9391e28b76e8e89d338eeadf06,1,2022-02-03,I2690,ICD10CM,415501ec9391e28b76e8,6bfca119b5b2e8e8e0f0
cdc256261ef3672d2d3d01cc13f22ae0,f72a3749709557f852c9cde4d1cb01b101,1,2022-12-22,I2690,ICD10CM,f72a3749709557f852c9,cdc256261ef3672d2d3d
2d6c534bab10d074df1db27fddaed26c,970ffd11a564becc024ebfc87aa0d9f501,1,2020-08-02,I2690,ICD10CM,970ffd11a564becc024e,2d6c534bab10d074df1d
6b2f3e626560c263993dbde44fad1f42,970ffd11a564becc024ebfc87aa0d9f501,1,2022-08-20,I2690,ICD10CM,970ffd11a564becc024e,6b2f3e626560c263993d
88858c976a28339b351354e6cdb87eae,27e0cb978ade45667cb4d474ccf53e9d11,1,2022-07-01,I2690,ICD10CM,27e0cb978ade45667cb4,88858c976a28339b3513
6497a561be63bf1840d90e686309e72f,4fdb34021a4846f4bd30c23d68449f6c11,1,2021-06-09,I2690,ICD10CM,4fdb34021a4846f4bd30,6497a561be63bf1840d9
380b01c7bced62464d7f6758c5ffe0a3,6ae1cb9486492a0a609c5649f28db13a12,1,2021-02-02,I409,ICD10CM,6ae1cb9486492a0a609c,380b01c7bced62464d7f
31bcbb15a8348f5db077baf83b986685,8930bbab8a882b8156dd7d46b389e56f13,1,2022-08-28,I2690,ICD10CM,8930bbab8a882b8156dd,31bcbb15a8348f5db077
ece3b08b296a2cb58d6510210d85320f,8930bbab8a882b8156dd7d46b389e56f13,1,2021-05-03,I514,ICD10CM,8930bbab8a882b8156dd,ece3b08b296a2cb58d65
4ac6702799a521a3b22401c4cda513b7,1589d84cc7956a7cef4ce9c409ff394011,1,2020-06-18,I2690,ICD10CM,1589d84cc7956a7cef4c,4ac6702799a521a3b224
65095f198f0be21d784036e7310df5e0,ead0df640319f20475d8488eee10b0f604,1,2021-05-25,I2690,ICD10CM,ead0df640319f20475d8,65095f198f0be21d7840
ee02309be78e7cdc843333359f87f9d2,6e806c0cbd2dce39aba6f3596d989c9411,1,2021-05-29,I2690,ICD10CM,6e806c0cbd2dce39aba6,ee02309be78e7cdc8433
28a919afd1b767208a7974f965e196e9,c9e79edda25ca5783bc2f93a8c794f5a13,1,2020-08-09,I514,ICD10CM,c9e79edda25ca5783bc2,28a919afd1b767208a79
4171a5f5ec5d7e4e42a229a2c642aaf4,2c28ff8ec81d34884ec6a08388dc994011,0,2022-06-15,I2690,ICD10CM,2c28ff8ec81d34884ec6,4171a5f5ec5d7e4e42a2
426276e9367474d453862c014ed116ad,53e511e0c6a89099715b1340436589a811,1,2022-12-07,I2690,ICD10CM,53e511e0c6a89099715b,426276e9367474d45386
a9fa0e96118ebe9b77e0d4a71b09402c,e8e0cced6152e82ce55a6fc766ff6ff811,1,2021-11-18,I2690,ICD10CM,e8e0cced6152e82ce55a,a9fa0e96118ebe9b77e0
f61db15d9c4f006a5bf620de7f015b2a,3961682e9d302902cd166e9a009011eb01,1,2022-02-18,I2690,ICD10CM,3961682e9d302902cd16,f61db15d9c4f006a5bf6
31de8dfeec0953eb9536d442b09e2269,45e5bd9fbc96186641be2d858cd2e4f306,0,2021-06-23,I2690,ICD10CM,45e5bd9fbc96186641be,31de8dfeec0953eb9536
8fbe5ba0ad315e777855b4ea0ddeeb89,6e806c0cbd2dce39aba6f3596d989c9411,1,2021-04-30,I409,ICD10CM,6e806c0cbd2dce39aba6,8fbe5ba0ad315e777855
b7da0818628f575c59334930b6fce2ed,6a80c304310ab6244793de6c2845c52f15,0,2020-09-10,I2690,ICD10CM,6a80c304310ab6244793,b7da0818628f575c5933
9ab4082879e97aad68ab826980329b23,7211c56f14f37e697cc897cccdff559d11,1,2022-04-30,I2690,ICD10CM,7211c56f14f37e697cc8,9ab4082879e97aad68ab
9f190897af76754d0955a84035316362,53f4899760206b1a64bf77001599890a15,0,2021-07-02,I2690,ICD10CM,53f4899760206b1a64bf,9f190897af76754d0955
f3e3d07ede283c82534a547ffd9d83f2,7c012e7235990b9aacba89fcce2eef3811,1,2021-09-09,I2690,ICD10CM,7c012e7235990b9aacba,f3e3d07ede283c82534a
f61fdead270b9c28f00127cb5d26a636,8930bbab8a882b8156dd7d46b389e56f13,1,2021-04-18,I2690,ICD10CM,8930bbab8a882b8156dd,f61fdead270b9c28f001
f61fdead270b9c28f00127cb5d26a636,8930bbab8a882b8156dd7d46b389e56f13,1,2021-10-28,I2690,ICD10CM,8930bbab8a882b8156dd,f61fdead270b9c28f001
ccda20f4dc419f2758129ea9f6582591,cd5aa79a8f9f5bb34c889ada20b7136d01,1,2022-08-07,I2690,ICD10CM,cd5aa79a8f9f5bb34c88,ccda20f4dc419f275812
c8594861c31cee97f6d8943db4d6be0f,400f29c3bfb8d65f7143d7b5ef247bcf06,1,2020-01-27,I2690,ICD10CM,400f29c3bfb8d65f7143,c8594861c31cee97f6d8
97318dc40a4bf6b7ce01b5e6dce7c7b9,45e5bd9fbc96186641be2d858cd2e4f306,0,2022-06-24,I2690,ICD10CM,45e5bd9fbc96186641be,97318dc40a4bf6b7ce01
d469d15b9943e68093321fdb72aafad8,27e0cb978ade45667cb4d474ccf53e9d11,1,2020-06-14,I2690,ICD10CM,27e0cb978ade45667cb4,d469d15b9943e6809332
c54110328f5abaa7e9a4a09bd059c6fa,74eecc893807e3ecce006453e9ca4a3411,0,2020-10-04,I2690,ICD10CM,74eecc893807e3ecce00,c54110328f5abaa7e9a4
18990e9a5fefd512ebe78038adc22a13,f982eb050ef69e00ff1ea8ed6a664e6413,0,2022-09-24,I2690,ICD10CM,f982eb050ef69e00ff1e,18990e9a5fefd512ebe7
c05ace4866620ec16c5b2f1181176aea,45da886f5a6d207e5fd138ec7ff19fb815,0,2022-07-10,I2690,ICD10CM,45da886f5a6d207e5fd1,c05ace4866620ec16c5b
d346a987e58ae2fd451d51ea327eec61,1589d84cc7956a7cef4ce9c409ff394011,1,2021-06-23,I2690,ICD10CM,1589d84cc7956a7cef4c,d346a987e58ae2fd451d
c39b83245c5d2bd7209530676c18b454,94cbe6a91a9ec756dec74f32ae97da3104,1,2022-01-21,I2690,ICD10CM,94cbe6a91a9ec756dec7,c39b83245c5d2bd72095
d19adc8162fb890b0e78400dc46bf160,45e5bd9fbc96186641be2d858cd2e4f306,1,2022-08-20,I2690,ICD10CM,45e5bd9fbc96186641be,d19adc8162fb890b0e78
98a7450deb3efb0016d1fac10fe9c5d6,6307576c8642b1a0cfb8f6266eee38e205,0,2021-04-29,I2690,ICD10CM,6307576c8642b1a0cfb8,98a7450deb3efb0016d1
ac1c3e5a95e4cf26023c5dcf94eb7eb4,27e0cb978ade45667cb4d474ccf53e9d11,1,2021-07-31,M311,ICD10CM,27e0cb978ade45667cb4,ac1c3e5a95e4cf26023c
40226776e65f80cd7f15df04fa6c6509,114e3caa0b2fb0deb11e9b7dd423adfd11,0,2022-01-06,I514,ICD10CM,114e3caa0b2fb0deb11e,40226776e65f80cd7f15
46a25957f56e8119f3737a3cd75db790,0bee813feebacf9716c2ef14de1d4fb402,1,2022-03-02,I2690,ICD10CM,0bee813feebacf9716c2,46a25957f56e8119f373
3a78693e13c673f34e21c86a778ba230,6307576c8642b1a0cfb8f6266eee38e205,1,2022-08-10,I2690,ICD10CM,6307576c8642b1a0cfb8,3a78693e13c673f34e21
dd31345a3bb2786ab9e4776ababd37a3,c9e79edda25ca5783bc2f93a8c794f5a13,1,2020-12-12,I409,ICD10CM,c9e79edda25ca5783bc2,dd31345a3bb2786ab9e4
7685099ed5f3749346403e5525fccdac,1589d84cc7956a7cef4ce9c409ff394011,0,2021-02-23,I2690,ICD10CM,1589d84cc7956a7cef4c,7685099ed5f374934640
f3f1486cf42fd38ac9a14810ebbbcb3b,b19d6f1cebb8edd15c17f5832daaaad509,1,2021-10-25,I2690,ICD10CM,b19d6f1cebb8edd15c17,f3f1486cf42fd38ac9a1
f825b7389cb01beb276075f6f1c4f731,e8e0cced6152e82ce55a6fc766ff6ff811,1,2020-07-26,I2690,ICD10CM,e8e0cced6152e82ce55a,f825b7389cb01beb2760
ccf7f1904fd50c33f144567426183ae5,1666e9cc06a10af6c2bf33c683c106b915,1,2022-04-14,I2690,ICD10CM,1666e9cc06a10af6c2bf,ccf7f1904fd50c33f144
3867f26c8631fd2ed9b2a7020b3e7674,4ec6cc93a7f299863471f837b579c82609,1,2020-05-11,I2690,ICD10CM,4ec6cc93a7f299863471,3867f26c8631fd2ed9b2
e4b8295f6e21c85e189e1238d8ffb6e1,eb29f3abe28c48018cfd22398d8c347b11,1,2022-10-10,I2690,ICD10CM,eb29f3abe28c48018cfd,e4b8295f6e21c85e189e
ccda20f4dc419f2758129ea9f6582591,cd5aa79a8f9f5bb34c889ada20b7136d01,0,2022-07-12,I2690,ICD10CM,cd5aa79a8f9f5bb34c88,ccda20f4dc419f275812
912625aa3ca6e9768d8bf5bc6c5df40d,f982eb050ef69e00ff1ea8ed6a664e6413,1,2021-04-26,I2690,ICD10CM,f982eb050ef69e00ff1e,912625aa3ca6e9768d8b
6efb7464775ec82f8c344cedd4bcd5f2,0b3620aa356bae3129d439800dce200e11,1,2020-06-01,I2690,ICD10CM,0b3620aa356bae3129d4,6efb7464775ec82f8c34
e4f39a14f9255f63c0f57c8d0ad4d032,7c012e7235990b9aacba89fcce2eef3811,0,2021-06-20,I2690,ICD10CM,7c012e7235990b9aacba,e4f39a14f9255f63c0f5
e4b8295f6e21c85e189e1238d8ffb6e1,ca5d2350732a167007226ff9018f987711,0,2021-05-29,I2690,ICD10CM,ca5d2350732a16700722,e4b8295f6e21c85e189e
c8594861c31cee97f6d8943db4d6be0f,ca5d2350732a167007226ff9018f987711,1,2022-07-09,I2690,ICD10CM,ca5d2350732a16700722,c8594861c31cee97f6d8
f65aff12ba7048fd08104dd6b2f610c5,6212c3cd7a3ad11b9f57f15bad07af4811,0,2021-12-27,I2690,ICD10CM,6212c3cd7a3ad11b9f57,f65aff12ba7048fd0810
f65aff12ba7048fd08104dd6b2f610c5,6212c3cd7a3ad11b9f57f15bad07af4811,0,2021-01-14,I2690,ICD10CM,6212c3cd7a3ad11b9f57,f65aff12ba7048fd0810
5910c8056afef5dc6984354f25825ada,6dc72ae55236a8ce9b03e3cec4c7924d11,1,2021-02-09,I2690,ICD10CM,6dc72ae55236a8ce9b03,5910c8056afef5dc6984
82a38a0e699d65629393262e377ecfb9,27e0cb978ade45667cb4d474ccf53e9d11,0,2020-03-26,I514,ICD10CM,27e0cb978ade45667cb4,82a38a0e699d65629393
5c2a3fda05c3fc0cf4816b60d2746f0e,294fb01bd273800cd8057af4747b478315,0,2021-05-05,I2609,ICD10CM,294fb01bd273800cd805,5c2a3fda05c3fc0cf481
57576987897a2aeeb6bf8637e161466b,fc3becbee021e2057314e87003c3483011,0,2021-06-01,I400,ICD10CM,fc3becbee021e2057314,57576987897a2aeeb6bf
1afd5e9dbf6d00cc88c1cd69ea93297b,e8e0cced6152e82ce55a6fc766ff6ff811,0,2022-12-23,I2690,ICD10CM,e8e0cced6152e82ce55a,1afd5e9dbf6d00cc88c1
6909087a7775522de4342ed010937bde,e8e0cced6152e82ce55a6fc766ff6ff811,1,2021-05-13,I2690,ICD10CM,e8e0cced6152e82ce55a,6909087a7775522de434
b36f9ad0ce4a6947e8859891a197d23e,ead0df640319f20475d8488eee10b0f604,0,2021-12-26,I2690,ICD10CM,ead0df640319f20475d8,b36f9ad0ce4a6947e885
d0598c0b7fa67aa3c8f908194aee7068,ead0df640319f20475d8488eee10b0f604,1,2022-08-19,I514,ICD10CM,ead0df640319f20475d8,d0598c0b7fa67aa3c8f9
c701c261d1c97b06d9003b2837dbd49f,45e5bd9fbc96186641be2d858cd2e4f306,1,2022-06-09,I514,ICD10CM,45e5bd9fbc96186641be,c701c261d1c97b06d900
e5f199ee0a156e456f768e2d15020b6c,4ec6cc93a7f299863471f837b579c82609,1,2020-02-26,M311,ICD10CM,4ec6cc93a7f299863471,e5f199ee0a156e456f76
3dd5fe0fbb4d21b1d707733cf25a5924,4ec6cc93a7f299863471f837b579c82609,0,2020-03-11,I514,ICD10CM,4ec6cc93a7f299863471,3dd5fe0fbb4d21b1d707
912625aa3ca6e9768d8bf5bc6c5df40d,f982eb050ef69e00ff1ea8ed6a664e6413,0,2020-04-06,I2690,ICD10CM,f982eb050ef69e00ff1e,912625aa3ca6e9768d8b
61086f6b369482485127c4e11aa6e027,ca5d2350732a167007226ff9018f987711,1,2022-06-04,I2690,ICD10CM,ca5d2350732a16700722,61086f6b369482485127
86ed37ff07246f5f51442ac9ed795f0b,400f29c3bfb8d65f7143d7b5ef247bcf06,0,2022-11-30,I2690,ICD10CM,400f29c3bfb8d65f7143,86ed37ff07246f5f5144
214d55b1e78ca3ad82ac0879e1929a90,53e511e0c6a89099715b1340436589a811,0,2022-03-13,I514,ICD10CM,53e511e0c6a89099715b,214d55b1e78ca3ad82ac
d4559f2673dfe7a710e386079ffbce1e,2cd525cf618c3ff3731e7ab9c2092e5901,1,2022-09-14,I2690,ICD10CM,2cd525cf618c3ff3731e,d4559f2673dfe7a710e3
b6b0707165629d122fc44d8ff32c9154,c9e79edda25ca5783bc2f93a8c794f5a13,1,2022-05-18,I2690,ICD10CM,c9e79edda25ca5783bc2,b6b0707165629d122fc4
eeb573a000ff767dbe27a0b1c1c8adf6,4fdb34021a4846f4bd30c23d68449f6c11,1,2021-10-25,I2690,ICD10CM,4fdb34021a4846f4bd30,eeb573a000ff767dbe27
ec313ab3887718e333b2199a3f0afe21,8930bbab8a882b8156dd7d46b389e56f13,1,2021-03-11,I2690,ICD10CM,8930bbab8a882b8156dd,ec313ab3887718e333b2
0a202ef25163e82f2115a026b7333417,7c012e7235990b9aacba89fcce2eef3811,0,2021-03-28,I2690,ICD10CM,7c012e7235990b9aacba,0a202ef25163e82f2115
21492aa310ddcd5331e65e46809d7e16,4ec6cc93a7f299863471f837b579c82609,0,2022-07-07,I2690,ICD10CM,4ec6cc93a7f299863471,21492aa310ddcd5331e6
8989e6765d8aaf2046851dd8b141819a,e8e0cced6152e82ce55a6fc766ff6ff811,0,2020-10-05,I409,ICD10CM,e8e0cced6152e82ce55a,8989e6765d8aaf204685
e318ac111b2ff73b856b0f12cf0b8b3a,400f29c3bfb8d65f7143d7b5ef247bcf06,0,2020-03-22,I2690,ICD10CM,400f29c3bfb8d65f7143,e318ac111b2ff73b856b
09d4ae4e1c84e63fb7d65d2cf8923439,ec35c153504ddde18ccc77d46a5c72fe04,0,2020-08-12,I2690,ICD10CM,ec35c153504ddde18ccc,09d4ae4e1c84e63fb7d6
7b306185e62630a0d5f859432b55de21,fc3becbee021e2057314e87003c3483011,0,2020-05-06,I514,ICD10CM,fc3becbee021e2057314,7b306185e62630a0d5f8
003d043d2167e738df128b3d19e99600,6958149d56b01dba658f67105460458111,0,2020-06-29,I400,ICD10CM,6958149d56b01dba658f,003d043d2167e738df12
003d043d2167e738df128b3d19e99600,6958149d56b01dba658f67105460458111,0,2021-08-24,I400,ICD10CM,6958149d56b01dba658f,003d043d2167e738df12
ec86e1e72e034f0cb02230c86862608e,4fdb34021a4846f4bd30c23d68449f6c11,1,2021-06-12,I2690,ICD10CM,4fdb34021a4846f4bd30,ec86e1e72e034f0cb022
41374ac73a2c4316eec1b8d735e28ae8,1666e9cc06a10af6c2bf33c683c106b915,1,2021-12-26,I2690,ICD10CM,1666e9cc06a10af6c2bf,41374ac73a2c4316eec1
a14b86272e409492b7348f123fcad9a3,1589d84cc7956a7cef4ce9c409ff394011,1,2021-01-03,I2690,ICD10CM,1589d84cc7956a7cef4c,a14b86272e409492b734
7345576f6952d7ede88bbb2107543484,e8e0cced6152e82ce55a6fc766ff6ff811,1,2022-05-10,I2690,ICD10CM,e8e0cced6152e82ce55a,7345576f6952d7ede88b
ea856b439af88756b626b79514db620a,6958149d56b01dba658f67105460458111,1,2020-02-04,I2690,ICD10CM,6958149d56b01dba658f,ea856b439af88756b626
867e2c21aaa50d218f337c8dad29c01e,f982eb050ef69e00ff1ea8ed6a664e6413,1,2021-04-18,I2690,ICD10CM,f982eb050ef69e00ff1e,867e2c21aaa50d218f33
f432b1085efa25dac6093d0bfb0baf33,27e0cb978ade45667cb4d474ccf53e9d11,1,2021-11-29,I514,ICD10CM,27e0cb978ade45667cb4,f432b1085efa25dac609
2432a15df7d08efdaadad277374369bd,fc3becbee021e2057314e87003c3483011,0,2021-02-03,I2690,ICD10CM,fc3becbee021e2057314,2432a15df7d08efdaada
dbfdf7723ebe34240f51629d0d76f623,3db385cbbfd26052ad79fd0934c90c0b11,0,2021-08-25,I2690,ICD10CM,3db385cbbfd26052ad79,dbfdf7723ebe34240f51
c7f6bfc008e3297e83d333882c8616d2,44237e70ea37f2e02d3f6a05fb3607c615,1,2021-09-17,I409,ICD10CM,44237e70ea37f2e02d3f,c7f6bfc008e3297e83d3
cd5b7cf2c6582e126c542333f653b026,8930bbab8a882b8156dd7d46b389e56f13,1,2022-12-07,I2690,ICD10CM,8930bbab8a882b8156dd,cd5b7cf2c6582e126c54
0e4ac3c62ad46e58c249ec2c567fa053,e8f1b67ca3f3466a8d73e4d13978e70913,1,2021-11-27,I2690,ICD10CM,e8f1b67ca3f3466a8d73,0e4ac3c62ad46e58c249
aaef8d158538ead89ca7fbbb91efc06e,f1a9220812e8432eace94817ef1c481809,0,2022-04-03,I2609,ICD10CM,f1a9220812e8432eace9,aaef8d158538ead89ca7
03df8d220369a48f65cd80ee0561f7d0,e8e0cced6152e82ce55a6fc766ff6ff811,1,2022-01-24,I2690,ICD10CM,e8e0cced6152e82ce55a,03df8d220369a48f65cd
d810fd1314238e97b132b5a3a1faa0b6,6307576c8642b1a0cfb8f6266eee38e205,0,2021-04-17,I2690,ICD10CM,6307576c8642b1a0cfb8,d810fd1314238e97b132
f4d724dab177e835da7678bed96e5003,8923abf0b4bf89dfea13b34f98c51ee405,0,2022-04-28,I2690,ICD10CM,8923abf0b4bf89dfea13,f4d724dab177e835da76
a183357aeb2d3889904958b64561c8db,3e04668ed9b00b0a5dd323986184e6f611,1,2021-03-23,I514,ICD10CM,3e04668ed9b00b0a5dd3,a183357aeb2d38899049
6ab17eb4411113e94cf8cff9652f1f67,47d14cbea7f2fe447f91e676cd59bc9911,0,2021-05-01,I2690,ICD10CM,47d14cbea7f2fe447f91,6ab17eb4411113e94cf8
60380bcbfc37eecf7300c7463608ce09,6f559411414f8132e835517c23a98fbd11,0,2022-11-16,I2690,ICD10CM,6f559411414f8132e835,60380bcbfc37eecf7300
9e9ad95e4cd1d276a4a6443b5700565e,6307576c8642b1a0cfb8f6266eee38e205,1,2021-09-16,I409,ICD10CM,6307576c8642b1a0cfb8,9e9ad95e4cd1d276a4a6
72e91db30f6419f34c0a227665e7c874,27e0cb978ade45667cb4d474ccf53e9d11,0,2020-02-27,I2690,ICD10CM,27e0cb978ade45667cb4,72e91db30f6419f34c0a
f3a81def8ff0a48e806e6cb1d82799fd,47d14cbea7f2fe447f91e676cd59bc9911,0,2021-10-14,I2690,ICD10CM,47d14cbea7f2fe447f91,f3a81def8ff0a48e806e
87fd6f0ae264fe47f1ab46de76f6c8ef,53f4899760206b1a64bf77001599890a15,1,2022-02-09,I2690,ICD10CM,53f4899760206b1a64bf,87fd6f0ae264fe47f1ab
5e363c40170ccdf9401728743b9904ba,6dc72ae55236a8ce9b03e3cec4c7924d11,1,2021-04-23,I409,ICD10CM,6dc72ae55236a8ce9b03,5e363c40170ccdf94017
bde0ac467f5859151c97e3cb48e3e248,6dc72ae55236a8ce9b03e3cec4c7924d11,0,2021-09-26,I2690,ICD10CM,6dc72ae55236a8ce9b03,bde0ac467f5859151c97
0a202ef25163e82f2115a026b7333417,7c012e7235990b9aacba89fcce2eef3811,0,2020-09-10,I2690,ICD10CM,7c012e7235990b9aacba,0a202ef25163e82f2115
59ee1602af690973c01163ed431ed73b,8930bbab8a882b8156dd7d46b389e56f13,0,2020-06-10,I2690,ICD10CM,8930bbab8a882b8156dd,59ee1602af690973c011
93dc0abf201a366db184d3cafdd9306b,8930bbab8a882b8156dd7d46b389e56f13,0,2020-11-13,I409,ICD10CM,8930bbab8a882b8156dd,93dc0abf201a366db184
9e019f1ccfd7408cd26d2d4f91a46e55,94cbe6a91a9ec756dec74f32ae97da3104,1,2020-03-05,I409,ICD10CM,94cbe6a91a9ec756dec7,9e019f1ccfd7408cd26d
b6128f770f8da09b8b1e5f2db111124e,45e5bd9fbc96186641be2d858cd2e4f306,1,2021-04-26,I2690,ICD10CM,45e5bd9fbc96186641be,b6128f770f8da09b8b1e
a1ce53d339169abfdf1b182fea8759c2,3961682e9d302902cd166e9a009011eb01,0,2022-09-10,I2690,ICD10CM,3961682e9d302902cd16,a1ce53d339169abfdf1b
5c2a3fda05c3fc0cf4816b60d2746f0e,294fb01bd273800cd8057af4747b478315,0,2021-04-23,I2609,ICD10CM,294fb01bd273800cd805,5c2a3fda05c3fc0cf481
db99b646e88504b8e0f69e035c183f2a,27e0cb978ade45667cb4d474ccf53e9d11,0,2021-05-07,I514,ICD10CM,27e0cb978ade45667cb4,db99b646e88504b8e0f6
b0d63b4c2292840c459467b91334bdd4,74eecc893807e3ecce006453e9ca4a3411,1,2020-10-09,I2690,ICD10CM,74eecc893807e3ecce00,b0d63b4c2292840c4594
0ca909fca471a98ccfb1395016805eca,2a0add22b601b153c2f4168ee86fef0911,0,2020-05-04,I514,ICD10CM,2a0add22b601b153c2f4,0ca909fca471a98ccfb1
f101473724b3f7894b31d3411897c0db,57776daee98883f3225682995153df3e05,1,2022-06-03,I2690,ICD10CM,57776daee98883f32256,f101473724b3f7894b31
da2e9bfdfcc9e5f4613488ecaed398cd,3961682e9d302902cd166e9a009011eb01,1,2022-12-08,I2690,ICD10CM,3961682e9d302902cd16,da2e9bfdfcc9e5f46134
9e33835f8db2b4fd58be8b4755947f70,27e0cb978ade45667cb4d474ccf53e9d11,1,2020-11-28,I2690,ICD10CM,27e0cb978ade45667cb4,9e33835f8db2b4fd58be
249b6efd80f019c6c0c9e30c38d22b3d,27e0cb978ade45667cb4d474ccf53e9d11,0,2021-08-17,I514,ICD10CM,27e0cb978ade45667cb4,249b6efd80f019c6c0c9
0489424faf89dc8cfdd502121e9b3ddc,7159b0e365deadc94c0a227665e7c87411,0,2020-12-03,I2690,ICD10CM,7159b0e365deadc94c0a,0489424faf89dc8cfdd5
8e9307f1b5dbafdaace37af85f1e9b77,ca5d2350732a167007226ff9018f987711,0,2020-05-16,I2690,ICD10CM,ca5d2350732a16700722,8e9307f1b5dbafdaace3
08419b6b51ab22debe5cfa2e8cec0c02,e8f1b67ca3f3466a8d73e4d13978e70913,0,2022-03-01,I2690,ICD10CM,e8f1b67ca3f3466a8d73,08419b6b51ab22debe5c
39b4ecc0e58e099b712800d6c8836851,e8e0cced6152e82ce55a6fc766ff6ff811,1,2022-06-27,I2690,ICD10CM,e8e0cced6152e82ce55a,39b4ecc0e58e099b7128
1c5298c94cee784a3cc0fc2c506696fc,0bee813feebacf9716c2ef14de1d4fb402,1,2022-12-16,I409,ICD10CM,0bee813feebacf9716c2,1c5298c94cee784a3cc0
8da172928d721e4d0370061a8f76539f,ead0df640319f20475d8488eee10b0f604,0,2021-10-13,I2690,ICD10CM,ead0df640319f20475d8,8da172928d721e4d0370
b35619d727a51c375536b9e60bced952,45e5bd9fbc96186641be2d858cd2e4f306,1,2021-04-09,I2690,ICD10CM,45e5bd9fbc96186641be,b35619d727a51c375536
9a5115ef7ddf7877aceba384d41cdba0,400f29c3bfb8d65f7143d7b5ef247bcf06,0,2022-02-11,I2690,ICD10CM,400f29c3bfb8d65f7143,9a5115ef7ddf7877aceb
59ee1602af690973c01163ed431ed73b,c3fcd9134b58c89564f3bd955c59b53101,0,2021-04-11,I2690,ICD10CM,c3fcd9134b58c89564f3,59ee1602af690973c011
59ee1602af690973c01163ed431ed73b,c3fcd9134b58c89564f3bd955c59b53101,0,2022-09-24,I2690,ICD10CM,c3fcd9134b58c89564f3,59ee1602af690973c011
da5b5f2e5c265ace33841bc4b7c5656a,e9f2985d820adc142addd0d497d1577409,1,2022-01-23,I2690,ICD10CM,e9f2985d820adc142add,da5b5f2e5c265ace3384
da5b5f2e5c265ace33841bc4b7c5656a,e9f2985d820adc142addd0d497d1577409,1,2020-07-20,I2690,ICD10CM,e9f2985d820adc142add,da5b5f2e5c265ace3384
8c2185243d47b53c8d3cd55f28a7b0ed,27e0cb978ade45667cb4d474ccf53e9d11,1,2021-11-17,I2690,ICD10CM,27e0cb978ade45667cb4,8c2185243d47b53c8d3c
a9b8b038c128267b0867b45c9515998d,a5f75d4128e308395ee2aaa64778ad7711,1,2022-04-07,I2690,ICD10CM,a5f75d4128e308395ee2,a9b8b038c128267b0867
bb648af49b7c120bbc6a861c881c5293,d49056a771245ec4dc99962b29721f4c09,1,2020-06-24,I2690,ICD10CM,d49056a771245ec4dc99,bb648af49b7c120bbc6a
2abc1b9f23ab9114824ddd79dfa425dc,53e511e0c6a89099715b1340436589a811,1,2020-03-26,I514,ICD10CM,53e511e0c6a89099715b,2abc1b9f23ab9114824d
226ddafd522b426e64569b02b8c47ef4,e8e0cced6152e82ce55a6fc766ff6ff811,1,2022-09-14,I2690,ICD10CM,e8e0cced6152e82ce55a,226ddafd522b426e6456
5b2ec84f2c85d7da3b8a5b6068e2ebe8,45e5bd9fbc96186641be2d858cd2e4f306,1,2021-01-02,I2690,ICD10CM,45e5bd9fbc96186641be,5b2ec84f2c85d7da3b8a
9d53f6ad005e599bead22b1edc11032b,27e0cb978ade45667cb4d474ccf53e9d11,1,2021-04-03,I2690,ICD10CM,27e0cb978ade45667cb4,9d53f6ad005e599bead2
9d53f6ad005e599bead22b1edc11032b,6f559411414f8132e835517c23a98fbd11,1,2021-12-11,I2690,ICD10CM,6f559411414f8132e835,9d53f6ad005e599bead2
895207ee0375408bf90feb7436db9bbb,78d44858061ee1f2fbfd7882d971222e15,1,2021-12-02,I2609,ICD10CM,78d44858061ee1f2fbfd,895207ee0375408bf90f
a9fbcefccc38f43ddf128b3d19e99600,3961682e9d302902cd166e9a009011eb01,0,2020-08-15,I2690,ICD10CM,3961682e9d302902cd16,a9fbcefccc38f43ddf12
a1b6f1af290f53b0923fd31b6eefc938,c6db852baf10f2fe99ffb5f91add52a105,1,2022-10-06,I2690,ICD10CM,c6db852baf10f2fe99ff,a1b6f1af290f53b0923f
fcd65c37dec5f0a954c7edf884356536,66ccb6230fece62ea1c4fa59601b3a1a06,0,2022-09-29,I2690,ICD10CM,66ccb6230fece62ea1c4,fcd65c37dec5f0a954c7
8b199178de03977aa256bf6e74be15da,6e806c0cbd2dce39aba6f3596d989c9411,1,2020-09-01,I2690,ICD10CM,6e806c0cbd2dce39aba6,8b199178de03977aa256
188518635a6e13c009630542aa48ba3f,ec35c153504ddde18ccc77d46a5c72fe04,1,2022-03-26,I2690,ICD10CM,ec35c153504ddde18ccc,188518635a6e13c00963
f61db15d9c4f006a5bf620de7f015b2a,,1,2020-04-22,D694,ICD10CM,,
ac1c3e5a95e4cf26023c5dcf94eb7eb4,,1,2021-03-01,D694,ICD10CM,,
5549f78373e17d85d4da2b7014af4c09,,1,2021-11-02,D694,ICD10CM,,
030ef279c5c5d3c29d1d973a3ef7f1eb,,1,2021-08-12,M311,ICD10CM,,
57576987897a2aeeb6bf8637e161466b,,1,2021-01-07,D694,ICD10CM,,
8fbe5ba0ad315e777855b4ea0ddeeb89,,1,2022-05-04,D694,ICD10CM,,
2d55157eb6cffdd3a1fa1b0e3c86aeec,,1,2020-06-01,D693,ICD10CM,,
c30a0af561efae8476c0fa012abe52fe,,1,2021-08-04,M311,ICD10CM,,
a9b8b038c128267b0867b45c9515998d,,1,2022-03-09,D693,ICD10CM,,
3abb4767f6f006777797f32b0543dd13,,1,2020-01-05,M311,ICD10CM,,
f101473724b3f7894b31d3411897c0db,,1,2020-09-13,D693,ICD10CM,,
11a5e7d814207cb9d9b2a7020b3e7674,,1,2020-09-24,M311,ICD10CM,,
b51fe6b83b4d7d09b62461fb207b2103,,1,2021-11-20,D694,ICD10CM,,
9995baa822e3d77f42bd9d6936e563e9,,1,2020-03-13,M311,ICD10CM,,
a9b6a5233e31763dbc41e700a63d030d,,1,2020-07-03,M311,ICD10CM,,
382e2a5d55489a506d1f69672cdcd50c,,1,2021-07-29,D693,ICD10CM,,
f36c0186b406b7c9420d917d4ef9bb4d,,1,2020-02-12,M311,ICD10CM,,
b48946269e7064e0baa19c82385b2c65,,1,2022-05-22,D693,ICD10CM,,
7345576f6952d7ede88bbb2107543484,,1,2021-07-03,D694,ICD10CM,,
38d2f32074659723d0a444c25a30553a,,1,2021-05-12,D693,ICD10CM,,
84450aa477ae6175457f70515c400d17,,1,2020-05-10,D693,ICD10CM,,
d27d9eefb4f830b581827ad372e20c1b,,1,2021-09-24,M311,ICD10CM,,
8b199178de03977aa256bf6e74be15da,,1,2020-12-29,M311,ICD10CM,,
28a919afd1b767208a7974f965e196e9,,1,2020-03-18,D693,ICD10CM,,
58e976743d67722111f2f760c526e81f,,1,2020-09-09,D693,ICD10CM,,
e59152a08dc9ba89f90feb7436db9bbb,,1,2021-02-07,D694,ICD10CM,,
217c42e235736d0cc7f81d3f90e2e3da,,1,2021-08-15,D693,ICD10CM,,
416720f946d83641ceb46a32c7493804,,1,2021-02-26,M311,ICD10CM,,
ae9bb51927b204660e60c6390635c3f9,,1,2020-06-21,D694,ICD10CM,,
fe09d279dd720984adcc5f29c1a882d3,,1,2021-05-11,M311,ICD10CM,,
3a78693e13c673f34e21c86a778ba230,,1,2021-06-16,D693,ICD10CM,,
4171a5f5ec5d7e4e42a229a2c642aaf4,,1,2020-06-21,D694,ICD10CM,,
8c2185243d47b53c8d3cd55f28a7b0ed,,1,2020-08-06,M311,ICD10CM,,
2e8819d4b94b92431aab85b201e77880,,1,2021-03-03,D694,ICD10CM,,
6efb7464775ec82f8c344cedd4bcd5f2,,1,2022-02-23,D694,ICD10CM,,
f88959641dd447657affd993d9e6e095,,1,2022-03-03,M311,ICD10CM,,
9e9ad95e4cd1d276a4a6443b5700565e,,1,2020-04-25,D693,ICD10CM,,
f2c649b9ae46aca20d0c6b1ae0184566,,1,2021-12-22,D694,ICD10CM,,
86ed37ff07246f5f51442ac9ed795f0b,,1,2020-10-25,D693,ICD10CM,,
3f0460133032d6f245f8f84f4bfe3523,,1,2022-05-21,D694,ICD10CM,,
f482d4cb4353fe6b379b6242673ba558,,1,2021-10-08,D693,ICD10CM,,
e318ac111b2ff73b856b0f12cf0b8b3a,,1,2020-02-24,M311,ICD10CM,,
de9fbe7b3ff2127bb9916b54ac7ae2c4,,1,2020-12-27,D693,ICD10CM,,
af6dcad00805a7a02b2acd1cee3e5b53,,1,2021-06-30,D693,ICD10CM,,
c54110328f5abaa7e9a4a09bd059c6fa,,1,2022-04-20,D694,ICD10CM,,
30aa03938fb71daf6babfc49dfc52bb7,,1,2020-09-14,M311,ICD10CM,,
df30c47b6a030f03900b2793b5c6a15a,,1,2021-11-17,D694,ICD10CM,,
a93645f9f6ff13ddcc45e30301bad50e,,1,2020-04-06,M311,ICD10CM,,
457049f6c94edffb791d9f1d4844600f,,1,2021-12-30,D694,ICD10CM,,
d59a3f9bea2e833bfd672af72fac4b06,,1,2022-05-31,D694,ICD10CM,,
